1,Category 1,Category 1 description.
2,Category 2,Category 2 description.
3,Category 3,Category 3 description.
4,Category 4,Category 4 description.
5,Category 5,Category 5 description.
6,Category 6,Category 6 description.
7,Category 7,Category 7 description.
8,Category 8,Category 8 description.
9,Category 9,Category 9 description.
10,Category 10,Category 10 description.
11,Category 11,Category 11 description.
12,Category 12,Category 12 description.
13,Category 13,Category 13 description.
14,Category 14,Category 14 description.
15,Category 15,Category 15 description.
16,Category 16,Category 16 description.
17,Category 17,Category 17 description.
18,Category 18,Category 18 description.
19,Category 19,Category 19 description.
20,Category 20,Category 20 description.